{"cameraMode":{"drawMode":0,"name":"Shaded","section":"Shading Mode"},"sceneLighting":false,"audioPlay":false,"sceneViewState":{"m_AlwaysRefresh":false,"showFog":true,"showSkybox":false,"showFlares":true,"showImageEffects":true,"showParticleSystems":true,"showVisualEffectGraphs":true,"m_FxEnabled":false},"in2DMode":false,"pivot":{"x":1.1920928955078126e-7,"y":2.268474578857422,"z":0.7877182960510254},"rotation":{"x":-0.19111007452011109,"y":-0.012664800509810448,"z":0.0024659635964781048,"w":-0.9814838171005249},"size":5.013695240020752,"orthographic":false}