{"cameraMode":{"drawMode":0,"name":"Shaded","section":"Shading Mode"},"sceneLighting":false,"audioPlay":false,"sceneViewState":{"m_AlwaysRefresh":false,"showFog":true,"showSkybox":false,"showFlares":true,"showImageEffects":true,"showParticleSystems":true,"showVisualEffectGraphs":true,"m_FxEnabled":false},"in2DMode":false,"pivot":{"x":0.32266801595687868,"y":0.6717401146888733,"z":-0.20179271697998048},"rotation":{"x":-0.12001167982816696,"y":-0.0113203264772892,"z":0.0013685059966519476,"w":-0.9927060008049011},"size":0.9482557773590088,"orthographic":false}